{
  "__class__": "Traffic", 
  "d_cost": {
    "S00": 0.1, 
    "S01": 0.1, 
    "S02": 0.1, 
    "S03": 0.1, 
    "S04": 0.1, 
    "S05": 0.1, 
    "S06": 0.1, 
    "S07": 0.1, 
    "S08": 0.1, 
    "S09": 0.1, 
    "S10": 0.1, 
    "S11": 0.1, 
    "S12": 0.1, 
    "S13": 0.1, 
    "S14": 0.1, 
    "S15": 0.1, 
    "S16": 0.1, 
    "S17": 0.1, 
    "S18": 0.1, 
    "S19": 0.1
  }, 
  "min_link_time": {
    "__class__": "Multidict", 
    "items": [
      [
        [
          "S06", 
          "0"
        ], 
        []
      ], 
      [
        [
          "S11", 
          "0"
        ], 
        []
      ], 
      [
        [
          "S14", 
          "N4-N0"
        ], 
        [
          0.2122167527943818, 
          0.2715196301966244, 
          0.23237660261245924, 
          0.2838870143965346
        ]
      ], 
      [
        [
          "S09", 
          "0"
        ], 
        []
      ], 
      [
        [
          "S13", 
          "0"
        ], 
        []
      ], 
      [
        [
          "S04", 
          "N0-N4"
        ], 
        [
          0.2838870143965346, 
          0.23237660261245924, 
          0.2715196301966244, 
          0.2122167527943818
        ]
      ], 
      [
        [
          "S00", 
          "0"
        ], 
        []
      ], 
      [
        [
          "S19", 
          "0"
        ], 
        []
      ], 
      [
        [
          "S00", 
          "N0-N4"
        ], 
        [
          0.2838870143965346, 
          0.23237660261245924, 
          0.2715196301966244, 
          0.2122167527943818
        ]
      ], 
      [
        [
          "S03", 
          "0"
        ], 
        []
      ], 
      [
        [
          "S12", 
          "N4-N0"
        ], 
        [
          0.2122167527943818, 
          0.2715196301966244, 
          0.23237660261245924, 
          0.2838870143965346
        ]
      ], 
      [
        [
          "S06", 
          "N0-N4"
        ], 
        [
          0.2838870143965346, 
          0.23237660261245924, 
          0.2715196301966244, 
          0.2122167527943818
        ]
      ], 
      [
        [
          "S05", 
          "N0-N4"
        ], 
        [
          0.2838870143965346, 
          0.23237660261245924, 
          0.2715196301966244, 
          0.2122167527943818
        ]
      ], 
      [
        [
          "S18", 
          "N4-N0"
        ], 
        [
          0.2122167527943818, 
          0.2715196301966244, 
          0.23237660261245924, 
          0.2838870143965346
        ]
      ], 
      [
        [
          "S08", 
          "0"
        ], 
        []
      ], 
      [
        [
          "S10", 
          "N4-N0"
        ], 
        [
          0.2122167527943818, 
          0.2715196301966244, 
          0.23237660261245924, 
          0.2838870143965346
        ]
      ], 
      [
        [
          "S11", 
          "N4-N0"
        ], 
        [
          0.2122167527943818, 
          0.2715196301966244, 
          0.23237660261245924, 
          0.2838870143965346
        ]
      ], 
      [
        [
          "S01", 
          "N0-N4"
        ], 
        [
          0.2838870143965346, 
          0.23237660261245924, 
          0.2715196301966244, 
          0.2122167527943818
        ]
      ], 
      [
        [
          "S17", 
          "0"
        ], 
        []
      ], 
      [
        [
          "S14", 
          "0"
        ], 
        []
      ], 
      [
        [
          "S12", 
          "0"
        ], 
        []
      ], 
      [
        [
          "S15", 
          "0"
        ], 
        []
      ], 
      [
        [
          "S02", 
          "0"
        ], 
        []
      ], 
      [
        [
          "S19", 
          "N4-N0"
        ], 
        [
          0.2122167527943818, 
          0.2715196301966244, 
          0.23237660261245924, 
          0.2838870143965346
        ]
      ], 
      [
        [
          "S05", 
          "0"
        ], 
        []
      ], 
      [
        [
          "S17", 
          "N4-N0"
        ], 
        [
          0.2122167527943818, 
          0.2715196301966244, 
          0.23237660261245924, 
          0.2838870143965346
        ]
      ], 
      [
        [
          "S08", 
          "N0-N4"
        ], 
        [
          0.2838870143965346, 
          0.23237660261245924, 
          0.2715196301966244, 
          0.2122167527943818
        ]
      ], 
      [
        [
          "S07", 
          "N0-N4"
        ], 
        [
          0.2838870143965346, 
          0.23237660261245924, 
          0.2715196301966244, 
          0.2122167527943818
        ]
      ], 
      [
        [
          "S15", 
          "N4-N0"
        ], 
        [
          0.2122167527943818, 
          0.2715196301966244, 
          0.23237660261245924, 
          0.2838870143965346
        ]
      ], 
      [
        [
          "S18", 
          "0"
        ], 
        []
      ], 
      [
        [
          "S07", 
          "0"
        ], 
        []
      ], 
      [
        [
          "S10", 
          "0"
        ], 
        []
      ], 
      [
        [
          "S03", 
          "N0-N4"
        ], 
        [
          0.2838870143965346, 
          0.23237660261245924, 
          0.2715196301966244, 
          0.2122167527943818
        ]
      ], 
      [
        [
          "S02", 
          "N0-N4"
        ], 
        [
          0.2838870143965346, 
          0.23237660261245924, 
          0.2715196301966244, 
          0.2122167527943818
        ]
      ], 
      [
        [
          "S16", 
          "0"
        ], 
        []
      ], 
      [
        [
          "S09", 
          "N0-N4"
        ], 
        [
          0.2838870143965346, 
          0.23237660261245924, 
          0.2715196301966244, 
          0.2122167527943818
        ]
      ], 
      [
        [
          "S13", 
          "N4-N0"
        ], 
        [
          0.2122167527943818, 
          0.2715196301966244, 
          0.23237660261245924, 
          0.2838870143965346
        ]
      ], 
      [
        [
          "S04", 
          "0"
        ], 
        []
      ], 
      [
        [
          "S01", 
          "0"
        ], 
        []
      ], 
      [
        [
          "S16", 
          "N4-N0"
        ], 
        [
          0.2122167527943818, 
          0.2715196301966244, 
          0.23237660261245924, 
          0.2838870143965346
        ]
      ]
    ]
  }, 
  "min_node_time": {
    "__class__": "Multidict", 
    "items": []
  }, 
  "period_lengths": [
    1, 
    1, 
    1, 
    1, 
    1
  ], 
  "period_starts": [
    1, 
    2, 
    3, 
    4, 
    5
  ], 
  "periods": [
    0, 
    1, 
    2, 
    3, 
    4
  ], 
  "pref_dep": {
    "S00": 1.0342112467042854, 
    "S01": 1.4858826942742969, 
    "S02": 1.854023329013726, 
    "S03": 2.247149408879915, 
    "S04": 2.554178377437095, 
    "S05": 2.81650574401683, 
    "S06": 3.2841306063221443, 
    "S07": 3.4384101086523158, 
    "S08": 3.907901495053355, 
    "S09": 4.333009806672759, 
    "S10": 1.105290099434563, 
    "S11": 1.1445822373293983, 
    "S12": 1.7959283073755439, 
    "S13": 2.1428243323972866, 
    "S14": 2.604562488987096, 
    "S15": 2.6983103628458527, 
    "S16": 3.1464078721442226, 
    "S17": 3.4368914904331365, 
    "S18": 3.794779415512956, 
    "S19": 4.097168631281862
  }, 
  "r_cost": {
    "__class__": "Multidict",