{
  "__class__": "Network", 
  "capacity": {
    "__class__": "Multidict", 
    "items": [
      [
        [
          "N8", 
          "N9"
        ], 
        [
          5, 
          8
        ]
      ], 
      [
        [
          "N1", 
          "N2"
        ], 
        [
          5, 
          8
        ]
      ], 
      [
        [
          "N2", 
          "N3"
        ], 
        [
          5, 
          8
        ]
      ], 
      [
        [
          "N5", 
          "N6"
        ], 
        [
          5, 
          8
        ]
      ], 
      [
        [
          "N7", 
          "N8"
        ], 
        [
          5, 
          8
        ]
      ], 
      [
        [
          "N0", 
          "N1"
        ], 
        [
          5, 
          8
        ]
      ], 
      [
        [
          "N4", 
          "N5"
        ], 
        [
          5, 
          8
        ]
      ], 
      [
        [
          "N6", 
          "N7"
        ], 
        [
          5, 
          8
        ]
      ], 
      [
        [
          "N3", 
          "N4"
        ], 
        [
          5, 
          8
        ]
      ]
    ]
  }, 
  "links": [
    [
      "N8", 
      "N9"
    ], 
    [
      "N1", 
      "N2"
    ], 
    [
      "N2", 
      "N3"
    ], 
    [
      "N5", 
      "N6"
    ], 
    [
      "N7", 
      "N8"
    ], 
    [
      "N0", 
      "N1"
    ], 
    [
      "N4", 
      "N5"
    ], 
    [
      "N6", 
      "N7"
    ], 
    [
      "N3", 
      "N4"
    ]
  ], 
  "nodes": {
    "N0": [
      0.0, 
      0.0
    ], 
    "N1": [
      0.11911179299736548, 
      0.0
    ], 
    "N2": [
      0.21905682975333424, 
      0.0
    ], 
    "N3": [
      0.3442727714024195, 
      0.0
    ], 
    "N4": [
      0.49471089174157235, 
      0.0
    ], 
    "N5": [
      0.5340889125789423, 
      0.0
    ], 
    "N6": [
      0.6641552877136049, 
      0.0
    ], 
    "N7": [
      0.7595470842643922, 
      0.0
    ], 
    "N8": [
      0.8532682285932208, 
      0.0
    ], 
    "N9": [
      1.0, 
      0.0
    ]
  }, 
  "route_dirs": {
    "0": [], 
    "N0-N9": [
      1, 
      1, 
      1, 
      1, 
      1, 
      1, 
      1, 
      1, 
      1
    ], 
    "N9-N0": [
      0, 
      0, 
      0, 
      0, 
      0, 
      0, 
      0, 
      0, 
      0
    ]
  }, 
  "route_links": {
    "0": [], 
    "N0-N9": [
      [
        "N0", 
        "N1"
      ], 
      [
        "N1", 
        "N2"
      ], 
      [
        "N2", 
        "N3"
      ], 
      [
        "N3", 
        "N4"
      ], 
      [
        "N4", 
        "N5"
      ], 
      [
        "N5", 
        "N6"
      ], 
      [
        "N6", 
        "N7"
      ], 
      [
        "N7", 
        "N8"
      ], 
      [
        "N8", 
        "N9"
      ]
    ], 
    "N9-N0": [
      [
        "N8", 
        "N9"
      ], 
      [
        "N7", 
        "N8"
      ], 
      [
        "N6", 
        "N7"
      ], 
      [
        "N5", 
        "N6"
      ], 
      [
        "N4", 
        "N5"
      ], 
      [
        "N3", 
        "N4"
      ], 
      [
        "N2", 
        "N3"
      ], 
      [
        "N1", 
        "N2"
      ], 
      [
        "N0", 
        "N1"
      ]
    ]
  }, 
  "route_nodes": {
    "0": [], 
    "N0-N9": [
      "N0", 
      "N1", 
      "N2", 
      "N3", 
      "N4", 
      "N5", 
      "N6", 
      "N7", 
      "N8", 
      "N9"
    ], 
    "N9-N0": [
      "N9", 
      "N8", 
      "N7", 
      "N6", 
      "N5", 
      "N4", 
      "N3", 
      "N2", 
      "N1", 
      "N0"
    ]
  }, 
  "routes": {
    "0": [], 
    "N0-N9": [
      "N0", 
      "N1", 
      "N2", 
      "N3", 
      "N4", 
      "N5", 
      "N6", 
      "N7", 
      "N8", 
      "N9"
    ]
  }
}