{
  "__class__": "Traffic", 
  "d_cost": {
    "S00": 0.1, 
    "S01": 0.1, 
    "S02": 0.1, 
    "S03": 0.1, 
    "S04": 0.1, 
    "S05": 0.1, 
    "S06": 0.1, 
    "S07": 0.1, 
    "S08": 0.1, 
    "S09": 0.1, 
    "S10": 0.1, 
    "S11": 0.1, 
    "S12": 0.1, 
    "S13": 0.1, 
    "S14": 0.1, 
    "S15": 0.1, 
    "S16": 0.1, 
    "S17": 0.1, 
    "S18": 0.1, 
    "S19": 0.1
  }, 
  "min_link_time": {
    "__class__": "Multidict", 
    "items": [
      [
        [
          "S06", 
          "0"
        ], 
        []
      ], 
      [
        [
          "S11", 
          "0"
        ], 
        []
      ], 
      [
        [
          "S14", 
          "n4-n0"
        ], 
        [
          0.223227471429287, 
          0.3363952993829575, 
          0.17573430987783578, 
          0.26464291930991973
        ]
      ], 
      [
        [
          "S09", 
          "0"
        ], 
        []
      ], 
      [
        [
          "S13", 
          "0"
        ], 
        []
      ], 
      [
        [
          "S04", 
          "n0-n4"
        ], 
        [
          0.26464291930991973, 
          0.17573430987783578, 
          0.3363952993829575, 
          0.223227471429287
        ]
      ], 
      [
        [
          "S00", 
          "0"
        ], 
        []
      ], 
      [
        [
          "S19", 
          "0"
        ], 
        []
      ], 
      [
        [
          "S00", 
          "n0-n4"
        ], 
        [
          0.26464291930991973, 
          0.17573430987783578, 
          0.3363952993829575, 
          0.223227471429287
        ]
      ], 
      [
        [
          "S03", 
          "0"
        ], 
        []
      ], 
      [
        [
          "S12", 
          "n4-n0"
        ], 
        [
          0.223227471429287, 
          0.3363952993829575, 
          0.17573430987783578, 
          0.26464291930991973
        ]
      ], 
      [
        [
          "S06", 
          "n0-n4"
        ], 
        [
          0.26464291930991973, 
          0.17573430987783578, 
          0.3363952993829575, 
          0.223227471429287
        ]
      ], 
      [
        [
          "S05", 
          "n0-n4"
        ], 
        [
          0.26464291930991973, 
          0.17573430987783578, 
          0.3363952993829575, 
          0.223227471429287
        ]
      ], 
      [
        [
          "S18", 
          "n4-n0"
        ], 
        [
          0.223227471429287, 
          0.3363952993829575, 
          0.17573430987783578, 
          0.26464291930991973
        ]
      ], 
      [
        [
          "S08", 
          "0"
        ], 
        []
      ], 
      [
        [
          "S10", 
          "n4-n0"
        ], 
        [
          0.223227471429287, 
          0.3363952993829575, 
          0.17573430987783578, 
          0.26464291930991973
        ]
      ], 
      [
        [
          "S11", 
          "n4-n0"
        ], 
        [
          0.223227471429287, 
          0.3363952993829575, 
          0.17573430987783578, 
          0.26464291930991973
        ]
      ], 
      [
        [
          "S01", 
          "n0-n4"
        ], 
        [
          0.26464291930991973, 
          0.17573430987783578, 
          0.3363952993829575, 
          0.223227471429287
        ]
      ], 
      [
        [
          "S17", 
          "0"
        ], 
        []
      ], 
      [
        [
          "S14", 
          "0"
        ], 
        []
      ], 
      [
        [
          "S12", 
          "0"
        ], 
        []
      ], 
      [
        [
          "S15", 
          "0"
        ], 
        []
      ], 
      [
        [
          "S02", 
          "0"
        ], 
        []
      ], 
      [
        [
          "S19", 
          "n4-n0"
        ], 
        [
          0.223227471429287, 
          0.3363952993829575, 
          0.17573430987783578, 
          0.26464291930991973
        ]
      ], 
      [
        [
          "S05", 
          "0"
        ], 
        []
      ], 
      [
        [
          "S17", 
          "n4-n0"
        ], 
        [
          0.223227471429287, 
          0.3363952993829575, 
          0.17573430987783578, 
          0.26464291930991973
        ]
      ], 
      [
        [
          "S08", 
          "n0-n4"
        ], 
        [
          0.26464291930991973, 
          0.17573430987783578, 
          0.3363952993829575, 
          0.223227471429287
        ]
      ], 
      [
        [
          "S07", 
          "n0-n4"
        ], 
        [
          0.26464291930991973, 
          0.17573430987783578, 
          0.3363952993829575, 
          0.223227471429287
        ]
      ], 
      [
        [
          "S15", 
          "n4-n0"
        ], 
        [
          0.223227471429287, 
          0.3363952993829575, 
          0.17573430987783578, 
          0.26464291930991973
        ]
      ], 
      [
        [
          "S18", 
          "0"
        ], 
        []
      ], 
      [
        [
          "S07", 
          "0"
        ], 
        []
      ], 
      [
        [
          "S10", 
          "0"
        ], 
        []
      ], 
      [
        [
          "S03", 
          "n0-n4"
        ], 
        [
          0.26464291930991973, 
          0.17573430987783578, 
          0.3363952993829575, 
          0.223227471429287
        ]
      ], 
      [
        [
          "S02", 
          "n0-n4"
        ], 
        [
          0.26464291930991973, 
          0.17573430987783578, 
          0.3363952993829575, 
          0.223227471429287
        ]
      ], 
      [
        [
          "S16", 
          "0"
        ], 
        []
      ], 
      [
        [
          "S09", 
          "n0-n4"
        ], 
        [
          0.26464291930991973, 
          0.17573430987783578, 
          0.3363952993829575, 
          0.223227471429287
        ]
      ], 
      [
        [
          "S13", 
          "n4-n0"
        ], 
        [
          0.223227471429287, 
          0.3363952993829575, 
          0.17573430987783578, 
          0.26464291930991973
        ]
      ], 
      [
        [
          "S04", 
          "0"
        ], 
        []
      ], 
      [
        [
          "S01", 
          "0"
        ], 
        []
      ], 
      [
        [
          "S16", 
          "n4-n0"
        ], 
        [
          0.223227471429287, 
          0.3363952993829575, 
          0.17573430987783578, 
          0.26464291930991973
        ]
      ]
    ]
  }, 
  "min_node_time": {
    "__class__": "Multidict", 
    "items": []
  }, 
  "period_lengths": [
    1, 
    1, 
    1, 
    1, 
    1
  ], 
  "period_starts": [
    1, 
    2, 
    3, 
    4, 
    5
  ], 
  "periods": [
    0, 
    1, 
    2, 
    3, 
    4
  ], 
  "pref_dep": {
    "S00": 1.8038505454428742, 
    "S01": 2.1675297109443306, 
    "S02": 2.3710132261175034, 
    "S03": 2.8021160709662434, 
    "S04": 2.9307481740831136, 
    "S05": 3.151784113981224, 
    "S06": 3.484906934026729, 
    "S07": 3.719448167646611, 
    "S08": 4.0164722674421665, 
    "S09": 4.345636599592211, 
    "S10": 1.1782766402799947, 
    "S11": 1.5595741632451503, 
    "S12": 1.803461025583988, 
    "S13": 2.2932556266831243, 
    "S14": 2.395478990735272, 
    "S15": 2.795943325151267, 
    "S16": 3.241171865014973, 
    "S17": 3.406189214573459, 
    "S18": 3.8578088006543307, 
    "S19": 4.249996656639566
  }, 
  "r_cost": {
    "__class__": "Multidict",