{
  "__class__": "Network", 
  "capacity": {
    "__class__": "Multidict", 
    "items": [
      [
        [
          "n8", 
          "n9"
        ], 
        [
          5, 
          8
        ]
      ], 
      [
        [
          "n1", 
          "n2"
        ], 
        [
          5, 
          8
        ]
      ], 
      [
        [
          "n2", 
          "n3"
        ], 
        [
          5, 
          8
        ]
      ], 
      [
        [
          "n5", 
          "n6"
        ], 
        [
          5, 
          8
        ]
      ], 
      [
        [
          "n7", 
          "n8"
        ], 
        [
          5, 
          8
        ]
      ], 
      [
        [
          "n0", 
          "n1"
        ], 
        [
          5, 
          8
        ]
      ], 
      [
        [
          "n4", 
          "n5"
        ], 
        [
          5, 
          8
        ]
      ], 
      [
        [
          "n6", 
          "n7"
        ], 
        [
          5, 
          8
        ]
      ], 
      [
        [
          "n3", 
          "n4"
        ], 
        [
          5, 
          8
        ]
      ]
    ]
  }, 
  "links": [
    [
      "n8", 
      "n9"
    ], 
    [
      "n1", 
      "n2"
    ], 
    [
      "n2", 
      "n3"
    ], 
    [
      "n5", 
      "n6"
    ], 
    [
      "n7", 
      "n8"
    ], 
    [
      "n0", 
      "n1"
    ], 
    [
      "n4", 
      "n5"
    ], 
    [
      "n6", 
      "n7"
    ], 
    [
      "n3", 
      "n4"
    ]
  ], 
  "nodes": {
    "n0": [
      0.0, 
      0.0
    ], 
    "n1": [
      0.12949716980906992, 
      0.0
    ], 
    "n2": [
      0.24707225573017993, 
      0.0
    ], 
    "n3": [
      0.3526541245380827, 
      0.0
    ], 
    "n4": [
      0.4840589199169695, 
      0.0
    ], 
    "n5": [
      0.5327304211108036, 
      0.0
    ], 
    "n6": [
      0.6944305955680036, 
      0.0
    ], 
    "n7": [
      0.7810145690485947, 
      0.0
    ], 
    "n8": [
      0.8849572138499326, 
      0.0
    ], 
    "n9": [
      1.0, 
      0.0
    ]
  }, 
  "route_dirs": {
    "0": [], 
    "n0-n9": [
      1, 
      1, 
      1, 
      1, 
      1, 
      1, 
      1, 
      1, 
      1
    ], 
    "n9-n0": [
      0, 
      0, 
      0, 
      0, 
      0, 
      0, 
      0, 
      0, 
      0
    ]
  }, 
  "route_links": {
    "0": [], 
    "n0-n9": [
      [
        "n0", 
        "n1"
      ], 
      [
        "n1", 
        "n2"
      ], 
      [
        "n2", 
        "n3"
      ], 
      [
        "n3", 
        "n4"
      ], 
      [
        "n4", 
        "n5"
      ], 
      [
        "n5", 
        "n6"
      ], 
      [
        "n6", 
        "n7"
      ], 
      [
        "n7", 
        "n8"
      ], 
      [
        "n8", 
        "n9"
      ]
    ], 
    "n9-n0": [
      [
        "n8", 
        "n9"
      ], 
      [
        "n7", 
        "n8"
      ], 
      [
        "n6", 
        "n7"
      ], 
      [
        "n5", 
        "n6"
      ], 
      [
        "n4", 
        "n5"
      ], 
      [
        "n3", 
        "n4"
      ], 
      [
        "n2", 
        "n3"
      ], 
      [
        "n1", 
        "n2"
      ], 
      [
        "n0", 
        "n1"
      ]
    ]
  }, 
  "route_nodes": {
    "0": [], 
    "n0-n9": [
      "n0", 
      "n1", 
      "n2", 
      "n3", 
      "n4", 
      "n5", 
      "n6", 
      "n7", 
      "n8", 
      "n9"
    ], 
    "n9-n0": [
      "n9", 
      "n8", 
      "n7", 
      "n6", 
      "n5", 
      "n4", 
      "n3", 
      "n2", 
      "n1", 
      "n0"
    ]
  }, 
  "routes": {
    "0": [], 
    "n0-n9": [
      "n0", 
      "n1", 
      "n2", 
      "n3", 
      "n4", 
      "n5", 
      "n6", 
      "n7", 
      "n8", 
      "n9"
    ]
  }
}
