{
  "__class__": "Traffic", 
  "d_cost": {
    "S00": 0.1, 
    "S01": 0.1, 
    "S02": 0.1, 
    "S03": 0.1, 
    "S04": 0.1, 
    "S05": 0.1, 
    "S06": 0.1, 
    "S07": 0.1, 
    "S08": 0.1, 
    "S09": 0.1, 
    "S10": 0.1, 
    "S11": 0.1, 
    "S12": 0.1, 
    "S13": 0.1, 
    "S14": 0.1, 
    "S15": 0.1, 
    "S16": 0.1, 
    "S17": 0.1, 
    "S18": 0.1, 
    "S19": 0.1
  }, 
  "min_link_time": {
    "__class__": "Multidict", 
    "items": [
      [
        [
          "S06", 
          "0"
        ], 
        []
      ], 
      [
        [
          "S11", 
          "0"
        ], 
        []
      ], 
      [
        [
          "S09", 
          "0"
        ], 
        []
      ], 
      [
        [
          "S05", 
          "1-4-6"
        ], 
        [
          0.22360679774997896, 
          0.3, 
          0.36055512754639896, 
          0.282842712474619
        ]
      ], 
      [
        [
          "S16", 
          "0"
        ], 
        []
      ], 
      [
        [
          "S14", 
          "6-4-1"
        ], 
        [
          0.282842712474619, 
          0.36055512754639896, 
          0.3, 
          0.22360679774997896
        ]
      ], 
      [
        [
          "S10", 
          "6-3-1"
        ], 
        [
          0.282842712474619, 
          0.4123105625617661, 
          0.22360679774997902, 
          0.22360679774997896
        ]
      ], 
      [
        [
          "S04", 
          "1-3-6"
        ], 
        [
          0.22360679774997896, 
          0.22360679774997902, 
          0.4123105625617661, 
          0.282842712474619
        ]
      ], 
      [
        [
          "S01", 
          "1-3-6"
        ], 
        [
          0.22360679774997896, 
          0.22360679774997902, 
          0.4123105625617661, 
          0.282842712474619
        ]
      ], 
      [
        [
          "S00", 
          "0"
        ], 
        []
      ], 
      [
        [
          "S01", 
          "1-4-6"
        ], 
        [
          0.22360679774997896, 
          0.3, 
          0.36055512754639896, 
          0.282842712474619
        ]
      ], 
      [
        [
          "S10", 
          "6-4-1"
        ], 
        [
          0.282842712474619, 
          0.36055512754639896, 
          0.3, 
          0.22360679774997896
        ]
      ], 
      [
        [
          "S14", 
          "0"
        ], 
        []
      ], 
      [
        [
          "S03", 
          "0"
        ], 
        []
      ], 
      [
        [
          "S11", 
          "6-4-1"
        ], 
        [
          0.282842712474619, 
          0.36055512754639896, 
          0.3, 
          0.22360679774997896
        ]
      ], 
      [
        [
          "S09", 
          "6-3-1"
        ], 
        [
          0.282842712474619, 
          0.4123105625617661, 
          0.22360679774997902, 
          0.22360679774997896
        ]
      ], 
      [
        [
          "S08", 
          "0"
        ], 
        []
      ], 
      [
        [
          "S17", 
          "0"
        ], 
        []
      ], 
      [
        [
          "S12", 
          "0"
        ], 
        []
      ], 
      [
        [
          "S00", 
          "1-3-6"
        ], 
        [
          0.22360679774997896, 
          0.22360679774997902, 
          0.4123105625617661, 
          0.282842712474619
        ]
      ], 
      [
        [
          "S09", 
          "6-4-1"
        ], 
        [
          0.282842712474619, 
          0.36055512754639896, 
          0.3, 
          0.22360679774997896
        ]
      ], 
      [
        [
          "S19", 
          "8-7"
        ], 
        [
          0.31622776601683794, 
          0.14142135623730953, 
          0.36055512754639896
        ]
      ], 
      [
        [
          "S18", 
          "8-7"
        ], 
        [
          0.31622776601683794, 
          0.14142135623730953, 
          0.36055512754639896
        ]
      ], 
      [
        [
          "S03", 
          "1-4-6"
        ], 
        [
          0.22360679774997896, 
          0.3, 
          0.36055512754639896, 
          0.282842712474619
        ]
      ], 
      [
        [
          "S07", 
          "1-3-6"
        ], 
        [
          0.22360679774997896, 
          0.22360679774997902, 
          0.4123105625617661, 
          0.282842712474619
        ]
      ], 
      [
        [
          "S15", 
          "0"
        ], 
        []
      ], 
      [
        [
          "S03", 
          "1-3-6"
        ], 
        [
          0.22360679774997896, 
          0.22360679774997902, 
          0.4123105625617661, 
          0.282842712474619
        ]
      ], 
      [
        [
          "S02", 
          "0"
        ], 
        []
      ], 
      [
        [
          "S02", 
          "1-4-6"
        ], 
        [
          0.22360679774997896, 
          0.3, 
          0.36055512754639896, 
          0.282842712474619
        ]
      ], 
      [
        [
          "S15", 
          "6-3-1"
        ], 
        [
          0.282842712474619, 
          0.4123105625617661, 
          0.22360679774997902, 
          0.22360679774997896
        ]
      ], 
      [
        [
          "S06", 
          "1-4-6"
        ], 
        [
          0.22360679774997896, 
          0.3, 
          0.36055512754639896, 
          0.282842712474619
        ]
      ], 
      [
        [
          "S08", 
          "6-3-1"
        ], 
        [
          0.282842712474619, 
          0.4123105625617661, 
          0.22360679774997902, 
          0.22360679774997896
        ]
      ], 
      [
        [
          "S05", 
          "0"
        ], 
        []
      ], 
      [
        [
          "S13", 
          "0"
        ], 
        []
      ], 
      [
        [
          "S13", 
          "6-4-1"
        ], 
        [
          0.282842712474619, 
          0.36055512754639896, 
          0.3, 
          0.22360679774997896
        ]
      ], 
      [
        [
          "S19", 
          "0"
        ], 
        []
      ], 
      [
        [
          "S18", 
          "0"
        ], 
        []
      ], 
      [
        [
          "S07", 
          "0"
        ], 
        []
      ], 
      [
        [
          "S13", 
          "6-3-1"
        ], 
        [
          0.282842712474619, 
          0.4123105625617661, 
          0.22360679774997902, 
          0.22360679774997896
        ]
      ], 
      [
        [
          "S06", 
          "1-3-6"
        ], 
        [
          0.22360679774997896, 
          0.22360679774997902, 
          0.4123105625617661, 
          0.282842712474619
        ]
      ], 
      [
        [
          "S10", 
          "0"
        ], 
        []
      ], 
      [
        [
          "S11", 
          "6-3-1"
        ], 
        [
          0.282842712474619, 
          0.4123105625617661, 
          0.22360679774997902, 
          0.22360679774997896
        ]
      ], 
      [
        [
          "S02", 
          "1-3-6"
        ], 
        [
          0.22360679774997896, 
          0.22360679774997902, 
          0.4123105625617661, 
          0.282842712474619
        ]
      ], 
      [
        [
          "S08", 
          "6-4-1"
        ], 
        [
          0.282842712474619, 
          0.36055512754639896, 
          0.3, 
          0.22360679774997896
        ]
      ], 
      [
        [
          "S16", 
          "7-8"
        ], 
        [
          0.36055512754639896, 
          0.14142135623730953, 
          0.31622776601683794
        ]
      ], 
      [
        [
          "S04", 
          "1-4-6"
        ], 
        [
          0.22360679774997896, 
          0.3, 
          0.36055512754639896, 
          0.282842712474619
        ]
      ], 
      [
        [
          "S15", 
          "6-4-1"
        ], 
        [
          0.282842712474619, 
          0.36055512754639896, 
          0.3, 
          0.22360679774997896
